route_id,start_location,end_location,total_distance_km,estimated_travel_time_hr,season,day_type,transport_mode,destination_type,popularity_score,traffic_density,entry_fee,accommodation_cost,food_cost,user_budget,user_time_constraint_hr,preferred_transport_mode,preferred_destination,satisfaction_rating
1000,Bangalore,Goa,484.3,6.57,Summer,Weekend,Bus,Beach,0.7,0.6,165,3177,1040,7796,18.8,Bus,Wildlife Park,3.39
1001,Chennai,Agra,537.6,8.95,Summer,Weekend,Walk,Wildlife Park,0.36,0.36,19,3988,775,1093,23.0,Walk,Hill Station,4.68
1002,Mumbai,Goa,454.1,11.73,Spring,Weekday,Bus,Museum,0.61,0.19,118,781,1144,5023,8.0,Car,Museum,1.89
1003,Mumbai,Goa,309.2,7.66,Summer,Weekend,Bike,Museum,0.21,0.49,258,1508,932,5796,11.6,Walk,Hill Station,2.2
1004,Kolkata,Goa,221.8,7.7,Monsoon,Weekend,Train,Hill Station,0.61,0.1,92,1675,487,1453,13.8,Train,Museum,4.2
1005,Mumbai,Goa,599.7,5.53,Summer,Weekend,Walk,Beach,0.56,0.6,186,4343,901,6081,20.8,Walk,Wildlife Park,2.19
1006,Chennai,Goa,591.3,7.08,Monsoon,Weekend,Bus,Beach,0.32,0.69,211,4715,224,6837,11.8,Bus,Hill Station,1.08
1007,Kolkata,Mahabalipuram,91.3,9.95,Summer,Weekday,Bike,Wildlife Park,0.8,0.23,107,672,958,5264,7.5,Car,Beach,2.72
1008,Mumbai,Goa,426.8,6.25,Monsoon,Weekday,Train,Temple,0.61,0.15,102,4323,207,7377,18.2,Train,Museum,4.04
1009,Kolkata,Mahabalipuram,357.6,10.83,Monsoon,Weekend,Car,Wildlife Park,0.67,0.5,211,2651,661,4031,11.3,Bike,Temple,1.46
1010,Bangalore,Goa,517.3,8.72,Monsoon,Weekend,Car,Museum,0.89,0.89,288,2240,438,2915,5.3,Car,Wildlife Park,3.26
1011,Kolkata,Shimla,598.7,11.24,Spring,Weekend,Bike,Museum,0.21,0.89,12,2048,1279,8253,8.8,Bike,Wildlife Park,2.2
1012,Kolkata,Mahabalipuram,564.2,7.39,Spring,Weekday,Bus,Museum,0.59,0.88,291,5000,1114,5577,23.0,Bus,Museum,2.45
1013,Kolkata,Mahabalipuram,365.6,5.22,Summer,Weekend,Bike,Museum,0.64,0.81,149,4164,829,4930,3.4,Walk,Wildlife Park,1.8
1014,Delhi,Shimla,171.0,10.88,Spring,Weekend,Bus,Wildlife Park,0.26,0.57,280,3580,349,3734,19.3,Car,Hill Station,4.02
1015,Delhi,Goa,436.7,9.47,Winter,Weekday,Bus,Museum,0.9,0.57,220,2744,502,4739,12.7,Train,Wildlife Park,1.41
1016,Chennai,Shimla,68.9,8.78,Winter,Weekday,Bike,Wildlife Park,0.72,0.13,270,2771,374,5888,17.9,Bus,Wildlife Park,4.61
1017,Delhi,Mahabalipuram,492.4,6.48,Winter,Weekday,Bike,Wildlife Park,0.9,0.82,231,3429,1479,7493,11.0,Car,Temple,1.47
1018,Chennai,Agra,370.8,5.7,Spring,Weekday,Train,Temple,0.8,0.25,223,2909,1389,9537,4.5,Walk,Museum,1.47
1019,Mumbai,Agra,129.6,7.79,Spring,Weekday,Train,Temple,0.66,0.92,294,2849,1267,9972,22.6,Bike,Museum,2.64
1020,Chennai,Mahabalipuram,161.9,7.31,Summer,Weekday,Walk,Museum,0.86,0.38,108,1676,512,7196,19.3,Bike,Temple,4.31
1021,Chennai,Ooty,67.8,10.54,Spring,Weekday,Train,Wildlife Park,0.58,0.69,255,2960,1154,5914,22.5,Bus,Beach,2.36
1022,Delhi,Ooty,493.0,7.44,Spring,Weekend,Bike,Hill Station,0.66,0.47,218,820,1429,7120,16.9,Bike,Wildlife Park,3.89
1023,Mumbai,Agra,88.2,1.33,Monsoon,Weekend,Bus,Temple,0.65,0.85,153,1869,768,8136,12.0,Bike,Museum,2.05
1024,Delhi,Mahabalipuram,123.4,6.15,Summer,Weekday,Walk,Beach,0.21,0.23,136,1529,521,9366,22.5,Bus,Museum,3.87
1025,Kolkata,Mahabalipuram,424.3,2.68,Winter,Weekend,Bike,Hill Station,0.95,0.51,177,1959,485,9961,17.8,Bike,Museum,2.36
1026,Mumbai,Shimla,285.5,3.5,Winter,Weekday,Walk,Wildlife Park,0.29,0.52,283,2683,1317,9736,19.8,Bus,Wildlife Park,2.14
1027,Bangalore,Ooty,269.7,8.87,Summer,Weekend,Car,Hill Station,0.8,0.77,223,4665,1369,8862,17.4,Car,Wildlife Park,2.35
1028,Delhi,Shimla,48.3,4.77,Summer,Weekend,Walk,Temple,0.22,0.21,258,3758,609,1593,17.4,Car,Museum,1.56
1029,Chennai,Ooty,63.3,7.24,Winter,Weekday,Walk,Temple,0.43,0.49,178,1766,693,6743,2.2,Walk,Hill Station,1.08
1030,Delhi,Ooty,205.8,4.76,Winter,Weekday,Train,Wildlife Park,0.57,0.57,209,4704,1188,7548,21.1,Bike,Wildlife Park,4.72
1031,Bangalore,Ooty,394.1,5.58,Winter,Weekend,Car,Hill Station,0.99,0.85,298,3974,744,7722,4.2,Train,Wildlife Park,2.7
1032,Chennai,Shimla,591.3,10.38,Summer,Weekday,Walk,Temple,0.64,0.51,275,1077,1426,8608,21.2,Walk,Temple,4.49
1033,Bangalore,Mahabalipuram,388.4,9.23,Monsoon,Weekday,Bus,Beach,0.37,0.98,299,4617,543,9425,6.8,Bike,Hill Station,3.46
1034,Mumbai,Shimla,434.3,8.16,Winter,Weekday,Walk,Wildlife Park,0.5,0.39,191,996,1406,7768,9.2,Car,Hill Station,4.76
1035,Delhi,Shimla,414.2,7.78,Spring,Weekend,Bus,Beach,0.92,0.92,124,3192,937,2591,12.2,Walk,Temple,3.25
1036,Mumbai,Mahabalipuram,218.8,5.97,Summer,Weekday,Train,Wildlife Park,0.22,0.63,192,4917,610,1417,3.9,Walk,Hill Station,3.28
1037,Kolkata,Goa,387.8,10.86,Summer,Weekend,Walk,Temple,0.26,0.83,113,2872,1255,3716,4.3,Bus,Wildlife Park,1.71
1038,Kolkata,Mahabalipuram,89.3,2.23,Summer,Weekday,Train,Museum,0.75,0.59,285,2988,702,1626,16.1,Bike,Hill Station,1.22
1039,Mumbai,Mahabalipuram,465.6,5.59,Winter,Weekend,Train,Beach,0.3,0.69,158,1298,286,5989,8.7,Bike,Temple,4.84
1040,Kolkata,Agra,117.5,4.29,Winter,Weekday,Bus,Wildlife Park,0.65,0.81,276,2743,364,6997,6.6,Bike,Beach,4.59
1041,Delhi,Goa,10.1,4.49,Summer,Weekend,Bus,Wildlife Park,0.23,0.19,297,3026,1355,1663,11.6,Walk,Beach,1.53
1042,Mumbai,Goa,90.8,4.83,Summer,Weekday,Walk,Museum,0.89,0.47,175,4726,494,2732,9.6,Walk,Beach,3.29
1043,Chennai,Agra,400.8,2.54,Summer,Weekday,Walk,Hill Station,0.47,0.71,207,1267,539,2010,18.3,Bus,Wildlife Park,2.91
1044,Chennai,Shimla,288.3,6.01,Winter,Weekday,Bus,Wildlife Park,0.5,0.59,196,553,1273,3759,22.5,Walk,Wildlife Park,1.89
1045,Bangalore,Mahabalipuram,227.1,3.87,Summer,Weekend,Walk,Hill Station,0.72,0.61,177,1339,689,9501,6.2,Bus,Hill Station,3.28
1046,Chennai,Goa,488.5,7.41,Winter,Weekend,Bike,Museum,0.8,0.47,269,4399,247,2822,14.5,Bus,Wildlife Park,2.39
1047,Chennai,Ooty,205.7,8.63,Winter,Weekday,Bus,Temple,0.43,0.64,294,3617,1500,7545,9.2,Car,Temple,3.37
1048,Chennai,Mahabalipuram,410.6,2.3,Summer,Weekend,Train,Wildlife Park,0.72,0.48,61,3788,1498,4769,14.6,Bus,Wildlife Park,2.29
1049,Chennai,Shimla,369.3,11.4,Winter,Weekend,Bike,Temple,0.87,0.62,148,1286,490,7917,21.9,Car,Museum,4.4
1050,Chennai,Ooty,447.5,9.93,Summer,Weekend,Bike,Temple,0.63,0.57,249,3589,1376,8420,16.5,Walk,Hill Station,2.79
1051,Chennai,Goa,345.8,9.29,Summer,Weekday,Walk,Temple,0.47,0.13,110,2547,629,8030,12.4,Car,Museum,2.81
1052,Kolkata,Goa,262.9,1.47,Summer,Weekend,Car,Temple,0.22,0.57,81,4766,538,9449,9.3,Walk,Wildlife Park,3.85
1053,Kolkata,Agra,388.2,7.28,Summer,Weekday,Bus,Temple,0.66,0.37,94,3589,635,4293,10.5,Car,Hill Station,3.39
1054,Delhi,Shimla,312.3,10.02,Summer,Weekday,Walk,Museum,0.38,0.65,261,3185,1395,4772,8.5,Bike,Hill Station,1.55
1055,Kolkata,Mahabalipuram,598.9,10.84,Summer,Weekend,Car,Wildlife Park,0.35,0.51,123,3576,387,5997,23.0,Bus,Temple,3.31
1056,Delhi,Agra,33.6,7.51,Summer,Weekend,Car,Temple,0.29,0.84,190,2974,1265,6173,20.1,Bus,Beach,2.68
1057,Bangalore,Agra,346.6,3.46,Winter,Weekday,Walk,Wildlife Park,0.93,0.37,269,2606,596,4432,20.8,Car,Hill Station,2.82
1058,Bangalore,Ooty,461.6,1.56,Spring,Weekday,Bike,Wildlife Park,0.22,0.15,10,3236,233,1877,7.6,Walk,Museum,4.62
1059,Mumbai,Ooty,132.4,4.1,Winter,Weekend,Bus,Museum,0.3,0.61,164,1950,1162,4040,11.4,Bus,Hill Station,3.24
1060,Bangalore,Goa,140.0,9.46,Spring,Weekday,Car,Temple,0.88,0.82,204,2870,781,1700,15.2,Bike,Temple,3.96
1061,Kolkata,Mahabalipuram,218.7,1.73,Summer,Weekend,Car,Wildlife Park,0.65,0.57,130,2798,1103,3969,11.8,Walk,Beach,1.49
1062,Bangalore,Goa,174.2,8.52,Spring,Weekday,Car,Hill Station,0.75,0.66,248,574,1196,8176,13.7,Walk,Museum,1.57
1063,Delhi,Agra,137.1,3.68,Winter,Weekday,Bike,Wildlife Park,0.73,0.79,60,2628,797,4536,12.0,Bike,Museum,3.18
1064,Kolkata,Ooty,272.7,3.61,Spring,Weekend,Bike,Museum,0.26,0.53,72,2720,547,1038,11.3,Bus,Wildlife Park,2.26
1065,Mumbai,Goa,131.8,2.98,Monsoon,Weekday,Train,Wildlife Park,0.7,0.42,238,4515,1031,2818,10.5,Bike,Hill Station,3.67
1066,Mumbai,Agra,168.4,2.8,Monsoon,Weekday,Car,Temple,0.35,0.37,173,2810,1289,5205,9.5,Bus,Wildlife Park,2.23
1067,Delhi,Goa,129.4,7.84,Spring,Weekend,Bike,Temple,0.21,0.66,140,4115,736,8978,21.9,Bus,Museum,2.25
1068,Mumbai,Shimla,376.3,11.27,Summer,Weekday,Walk,Wildlife Park,0.83,0.41,9,621,811,2631,22.4,Bike,Museum,3.91
1069,Bangalore,Ooty,475.9,7.59,Summer,Weekend,Car,Hill Station,0.55,0.99,298,2029,351,2725,5.9,Train,Hill Station,2.66
1070,Bangalore,Shimla,124.8,1.59,Winter,Weekend,Walk,Museum,0.32,0.54,287,3485,967,2671,19.2,Bus,Beach,1.1
1071,Kolkata,Goa,385.2,8.37,Spring,Weekend,Bus,Wildlife Park,0.72,0.95,230,4091,206,2072,5.3,Bus,Museum,4.74
1072,Bangalore,Goa,12.5,6.66,Monsoon,Weekday,Walk,Beach,0.86,0.4,91,4001,658,4665,22.3,Car,Hill Station,1.16
1073,Bangalore,Goa,30.9,7.85,Winter,Weekend,Bus,Hill Station,0.86,0.67,83,1563,975,3148,12.8,Car,Beach,4.7
1074,Bangalore,Ooty,95.7,8.55,Summer,Weekday,Car,Beach,0.37,0.34,99,4755,597,6679,14.2,Train,Temple,2.66
1075,Mumbai,Ooty,54.8,7.18,Winter,Weekend,Bike,Museum,0.93,0.53,103,4183,341,8536,14.1,Walk,Temple,1.79
1076,Mumbai,Goa,319.5,7.5,Winter,Weekday,Train,Beach,0.93,0.64,150,2350,978,6163,16.0,Bike,Hill Station,2.98
1077,Bangalore,Agra,176.8,3.21,Monsoon,Weekend,Train,Wildlife Park,0.21,0.88,297,2911,224,2979,20.6,Bike,Museum,4.79
1078,Mumbai,Ooty,208.3,5.01,Summer,Weekday,Bus,Wildlife Park,0.58,0.59,178,2279,1067,2677,3.8,Bike,Museum,2.23
1079,Bangalore,Mahabalipuram,91.8,4.85,Summer,Weekend,Bus,Beach,0.7,0.55,82,2972,919,7588,22.4,Car,Hill Station,3.96
1080,Chennai,Agra,534.2,9.29,Winter,Weekday,Car,Museum,0.41,0.82,225,2519,603,8253,22.0,Walk,Wildlife Park,1.85
1081,Bangalore,Ooty,27.1,11.59,Monsoon,Weekday,Bike,Hill Station,0.32,0.33,217,4808,233,4500,16.8,Train,Museum,1.87
1082,Kolkata,Goa,401.4,4.83,Monsoon,Weekday,Train,Beach,0.81,0.21,207,3326,1071,6039,15.3,Bus,Temple,1.21
1083,Kolkata,Ooty,39.1,7.96,Winter,Weekend,Car,Beach,0.65,0.22,203,2974,1113,9926,14.8,Bike,Temple,1.59
1084,Bangalore,Ooty,551.5,6.13,Winter,Weekend,Bike,Museum,0.79,0.77,45,2106,609,8554,8.5,Walk,Temple,3.42
1085,Kolkata,Shimla,269.9,6.97,Summer,Weekend,Train,Temple,0.35,0.64,171,2237,553,3330,18.0,Car,Beach,4.65
1086,Kolkata,Goa,365.8,8.94,Summer,Weekday,Bike,Wildlife Park,0.88,0.93,296,1189,288,7409,15.2,Bike,Museum,2.13
1087,Mumbai,Agra,468.5,8.46,Winter,Weekday,Bike,Museum,0.73,0.88,231,859,744,6849,3.2,Bus,Beach,3.55
1088,Mumbai,Ooty,443.8,7.34,Monsoon,Weekday,Train,Wildlife Park,0.3,0.35,63,4865,441,3783,20.1,Car,Temple,2.95
1089,Chennai,Ooty,10.8,1.37,Winter,Weekend,Bike,Hill Station,0.6,0.96,189,4332,202,2439,19.9,Bus,Hill Station,2.38
1090,Bangalore,Ooty,584.6,11.39,Spring,Weekday,Bike,Wildlife Park,0.71,0.83,272,4686,1403,2249,14.1,Bus,Wildlife Park,4.15
1091,Chennai,Agra,439.4,3.84,Summer,Weekend,Car,Museum,0.78,0.21,108,4124,1345,5814,21.0,Bus,Hill Station,4.5
1092,Mumbai,Shimla,465.4,10.97,Winter,Weekend,Walk,Wildlife Park,0.7,0.18,140,2224,1012,9751,20.8,Train,Hill Station,1.67
1093,Delhi,Mahabalipuram,248.9,9.33,Winter,Weekend,Bus,Wildlife Park,0.71,0.8,78,4936,1199,4735,20.7,Bike,Temple,2.56
1094,Mumbai,Ooty,71.6,8.33,Summer,Weekday,Train,Beach,0.56,0.53,6,3689,1274,3353,10.8,Train,Beach,4.68
1095,Mumbai,Ooty,272.9,3.75,Spring,Weekday,Car,Museum,0.26,0.82,179,3515,1021,3189,9.3,Bus,Wildlife Park,4.63
1096,Bangalore,Agra,251.2,11.05,Spring,Weekday,Bike,Temple,0.31,0.15,93,3277,1098,8739,17.9,Walk,Hill Station,4.34
1097,Chennai,Ooty,275.2,10.42,Spring,Weekend,Walk,Beach,0.64,0.58,259,2642,613,2558,3.8,Train,Temple,4.89
1098,Delhi,Ooty,552.7,5.2,Winter,Weekend,Train,Hill Station,0.7,0.18,252,3222,1284,8654,16.7,Bus,Hill Station,4.28
1099,Kolkata,Shimla,315.9,2.24,Summer,Weekend,Bike,Hill Station,0.55,0.52,272,1065,718,2937,16.1,Car,Hill Station,3.93
1100,Bangalore,Goa,268.6,5.52,Monsoon,Weekend,Bike,Wildlife Park,0.77,0.78,226,2595,1302,1615,12.8,Bus,Wildlife Park,1.05
1101,Mumbai,Agra,385.8,9.94,Winter,Weekday,Walk,Temple,0.27,0.4,121,1732,1462,5403,15.6,Bus,Hill Station,2.43
1102,Kolkata,Shimla,416.5,10.26,Monsoon,Weekend,Walk,Museum,0.58,0.11,280,2787,1317,8022,11.2,Bike,Temple,3.76
1103,Chennai,Goa,320.3,3.89,Summer,Weekday,Train,Hill Station,0.73,0.39,50,1157,1231,3099,21.8,Car,Temple,1.27
1104,Kolkata,Mahabalipuram,52.2,11.66,Spring,Weekend,Walk,Temple,0.9,0.36,154,2701,1039,8101,13.7,Bike,Hill Station,3.15
1105,Bangalore,Goa,516.7,9.76,Winter,Weekday,Train,Temple,0.24,0.51,264,1416,675,1970,12.2,Bike,Wildlife Park,4.16
1106,Delhi,Agra,580.0,8.77,Monsoon,Weekday,Walk,Wildlife Park,0.92,0.91,141,3673,910,4426,7.5,Walk,Temple,3.18
1107,Kolkata,Goa,49.9,8.34,Spring,Weekend,Bus,Temple,0.68,0.44,282,4422,628,6995,20.7,Bike,Museum,2.18
1108,Kolkata,Mahabalipuram,441.5,6.32,Summer,Weekend,Bus,Wildlife Park,0.57,0.55,14,752,748,2632,6.2,Bike,Hill Station,1.4
1109,Delhi,Shimla,402.9,8.77,Winter,Weekend,Walk,Temple,0.64,0.3,26,2619,326,2199,20.7,Bike,Beach,2.14
1110,Delhi,Goa,225.4,2.57,Winter,Weekday,Car,Temple,0.39,0.17,136,3900,547,3941,23.9,Bus,Hill Station,2.27
1111,Kolkata,Goa,352.1,3.74,Winter,Weekend,Car,Hill Station,0.32,0.17,25,2989,840,5340,4.0,Bike,Temple,1.12
1112,Kolkata,Ooty,34.6,10.33,Monsoon,Weekend,Car,Hill Station,0.61,0.36,49,1847,603,9447,12.1,Walk,Museum,4.95
1113,Delhi,Shimla,455.4,10.75,Spring,Weekend,Train,Museum,0.56,0.92,255,3824,1210,4339,5.7,Walk,Museum,2.83
1114,Mumbai,Ooty,446.8,11.98,Winter,Weekday,Bus,Beach,0.42,0.98,87,3127,802,6869,22.7,Car,Beach,3.68
1115,Bangalore,Goa,33.5,6.65,Monsoon,Weekend,Train,Wildlife Park,0.43,0.19,102,3464,1057,6775,22.4,Bike,Wildlife Park,2.89
1116,Mumbai,Goa,260.9,5.27,Spring,Weekday,Walk,Beach,0.6,0.94,5,906,1466,8881,19.2,Car,Museum,1.56
1117,Chennai,Mahabalipuram,415.8,8.43,Monsoon,Weekend,Walk,Hill Station,0.79,0.81,44,3799,1179,5508,21.0,Train,Beach,1.45
1118,Mumbai,Mahabalipuram,326.8,7.51,Monsoon,Weekday,Car,Wildlife Park,0.51,0.8,165,4318,1461,9716,18.3,Walk,Hill Station,4.31
1119,Kolkata,Ooty,87.4,7.06,Spring,Weekday,Bus,Wildlife Park,0.88,0.9,205,2291,320,9073,17.3,Bike,Museum,1.18
1120,Kolkata,Agra,360.2,9.33,Monsoon,Weekday,Car,Wildlife Park,0.61,0.31,284,3372,444,2171,18.3,Train,Wildlife Park,1.11
1121,Kolkata,Mahabalipuram,557.1,7.46,Summer,Weekend,Train,Hill Station,0.51,0.9,129,3805,918,5754,11.4,Walk,Wildlife Park,1.23
1122,Mumbai,Agra,41.1,10.28,Winter,Weekday,Bus,Beach,0.72,0.21,158,3470,784,7958,4.2,Bike,Museum,4.49
1123,Chennai,Goa,69.6,7.48,Monsoon,Weekday,Car,Hill Station,0.25,0.55,250,4254,1050,6852,9.7,Bike,Museum,4.16
1124,Chennai,Agra,527.7,4.71,Monsoon,Weekday,Bike,Temple,0.66,0.34,35,2775,705,5809,10.1,Train,Museum,2.36
1125,Mumbai,Goa,50.7,9.85,Monsoon,Weekend,Train,Hill Station,0.7,0.18,174,1638,423,6519,4.7,Walk,Temple,2.31
1126,Mumbai,Shimla,344.9,4.12,Winter,Weekday,Car,Wildlife Park,0.93,0.79,118,2022,791,5131,17.5,Walk,Museum,2.35
1127,Chennai,Mahabalipuram,400.9,7.52,Winter,Weekend,Car,Beach,0.97,0.68,243,2854,1132,2612,17.8,Bus,Museum,4.76
1128,Delhi,Ooty,152.4,7.51,Summer,Weekday,Walk,Museum,0.85,0.65,298,1150,878,9165,23.7,Walk,Wildlife Park,2.35
1129,Chennai,Goa,371.5,4.49,Summer,Weekday,Car,Beach,0.81,0.84,31,2763,987,9664,6.3,Car,Temple,3.88
1130,Kolkata,Goa,380.2,11.09,Monsoon,Weekend,Bus,Museum,0.47,0.49,284,4956,635,1199,17.7,Bike,Beach,2.61
1131,Chennai,Mahabalipuram,341.7,6.17,Summer,Weekday,Bike,Wildlife Park,0.51,0.8,152,4899,1020,7487,14.2,Walk,Hill Station,4.4
1132,Kolkata,Shimla,394.8,6.69,Winter,Weekend,Car,Wildlife Park,0.93,0.61,176,4731,1465,8930,7.8,Bike,Temple,2.1
1133,Kolkata,Mahabalipuram,540.5,11.04,Spring,Weekend,Bus,Temple,0.93,0.32,53,1870,1103,5281,10.0,Car,Temple,3.73
1134,Delhi,Ooty,224.8,2.42,Summer,Weekday,Walk,Museum,0.24,0.6,15,1568,1151,9453,4.4,Train,Temple,1.14
1135,Chennai,Mahabalipuram,442.4,5.56,Monsoon,Weekday,Car,Museum,0.47,0.16,161,817,227,8830,5.2,Train,Temple,3.23
1136,Delhi,Goa,157.4,10.07,Winter,Weekend,Train,Museum,0.99,0.27,127,2248,920,2153,15.5,Bus,Hill Station,4.2
1137,Delhi,Mahabalipuram,225.5,5.92,Monsoon,Weekday,Car,Hill Station,0.65,0.19,131,3848,422,3732,17.7,Walk,Wildlife Park,3.65
1138,Bangalore,Shimla,233.4,5.25,Spring,Weekday,Bus,Museum,0.43,0.47,182,895,1391,7451,6.5,Walk,Museum,4.59
1139,Mumbai,Mahabalipuram,457.0,10.96,Spring,Weekend,Car,Beach,0.66,0.74,131,4269,1327,6793,16.3,Train,Temple,3.69
1140,Bangalore,Goa,554.1,11.89,Monsoon,Weekend,Walk,Beach,0.69,0.81,294,780,1262,5232,22.4,Train,Beach,3.65
1141,Kolkata,Mahabalipuram,229.2,1.26,Monsoon,Weekday,Train,Hill Station,0.79,0.63,163,2169,1366,5639,14.4,Train,Hill Station,4.75
1142,Bangalore,Mahabalipuram,302.5,4.99,Monsoon,Weekend,Car,Temple,0.63,0.3,262,998,1099,1977,17.3,Train,Museum,4.47
1143,Bangalore,Agra,329.4,7.22,Summer,Weekday,Train,Temple,0.95,0.83,233,1316,1096,8373,11.2,Bike,Wildlife Park,3.78
1144,Chennai,Mahabalipuram,274.8,8.05,Monsoon,Weekday,Bike,Temple,0.22,0.91,277,1445,978,2331,17.0,Car,Wildlife Park,2.52
1145,Mumbai,Mahabalipuram,159.0,5.45,Monsoon,Weekend,Car,Hill Station,0.26,0.63,22,1364,827,6959,16.9,Bus,Beach,2.58
1146,Mumbai,Agra,165.3,9.08,Spring,Weekend,Car,Hill Station,0.27,0.75,252,761,310,8860,18.7,Bus,Museum,1.33
1147,Bangalore,Goa,191.3,1.69,Spring,Weekday,Bus,Beach,0.56,0.82,21,3387,982,7500,18.2,Car,Museum,3.84
1148,Delhi,Shimla,325.6,11.47,Monsoon,Weekend,Train,Temple,0.46,0.69,290,2590,229,9322,9.4,Train,Wildlife Park,3.71
1149,Delhi,Goa,22.2,9.77,Winter,Weekday,Car,Wildlife Park,0.2,0.61,4,900,1470,2403,13.9,Walk,Beach,3.71
1150,Chennai,Mahabalipuram,127.8,10.65,Summer,Weekday,Bike,Beach,0.28,0.38,252,1835,274,4220,13.9,Train,Beach,3.08
1151,Delhi,Mahabalipuram,272.5,11.64,Spring,Weekday,Bike,Hill Station,0.66,0.72,52,2317,502,5729,14.9,Bus,Hill Station,4.16
1152,Bangalore,Shimla,487.6,10.54,Monsoon,Weekend,Car,Museum,0.44,0.9,54,1790,627,9523,11.3,Bus,Hill Station,4.32
1153,Mumbai,Shimla,505.9,7.6,Spring,Weekday,Train,Beach,0.87,0.19,182,2348,795,7720,11.2,Bike,Beach,4.73
1154,Kolkata,Goa,446.7,6.21,Winter,Weekend,Car,Beach,0.23,0.53,177,1150,1296,6574,3.4,Train,Museum,1.26
1155,Kolkata,Ooty,49.7,10.76,Monsoon,Weekday,Bus,Wildlife Park,0.57,0.34,9,592,955,7898,5.9,Bike,Museum,1.36
1156,Kolkata,Ooty,481.5,2.34,Monsoon,Weekday,Bus,Beach,0.66,0.36,165,4647,906,6782,6.1,Bus,Wildlife Park,1.1
1157,Delhi,Goa,538.9,9.08,Spring,Weekday,Bus,Wildlife Park,0.77,0.98,88,4528,1436,4746,17.2,Car,Museum,4.99
1158,Mumbai,Agra,276.9,11.73,Spring,Weekday,Car,Hill Station,0.87,0.82,31,4224,828,5130,23.4,Bike,Wildlife Park,1.25
1159,Delhi,Mahabalipuram,536.4,8.83,Monsoon,Weekday,Train,Museum,0.75,0.64,58,2416,1445,3888,14.0,Walk,Museum,2.34
1160,Mumbai,Mahabalipuram,205.0,6.3,Summer,Weekend,Bike,Temple,0.32,0.25,242,2605,819,2712,2.1,Bike,Temple,2.53
1161,Bangalore,Agra,410.5,11.99,Spring,Weekend,Bike,Temple,0.67,0.56,120,2833,502,5560,16.4,Bus,Temple,2.75
1162,Chennai,Ooty,84.4,5.69,Spring,Weekend,Walk,Museum,0.98,0.14,101,3534,331,5341,14.2,Bus,Temple,2.71
1163,Delhi,Goa,476.2,8.41,Summer,Weekend,Bike,Museum,0.62,0.23,282,1845,930,6837,20.3,Bus,Museum,1.56
1164,Chennai,Ooty,251.0,4.72,Summer,Weekend,Car,Beach,0.46,0.24,62,4600,1039,1583,4.2,Walk,Wildlife Park,3.64
1165,Mumbai,Mahabalipuram,453.3,10.53,Winter,Weekday,Train,Beach,0.46,0.82,82,4494,636,3930,3.8,Bike,Beach,1.14
1166,Kolkata,Ooty,195.9,9.93,Winter,Weekend,Bus,Beach,0.4,0.77,298,531,1248,8651,6.4,Train,Wildlife Park,2.52
1167,Chennai,Goa,280.7,2.64,Monsoon,Weekend,Train,Wildlife Park,0.37,0.87,265,2801,1144,9381,9.8,Walk,Museum,1.89
1168,Delhi,Shimla,140.1,9.05,Summer,Weekend,Bike,Temple,0.96,0.47,102,3899,267,7420,23.8,Walk,Museum,4.44
1169,Delhi,Shimla,497.2,3.65,Winter,Weekend,Walk,Museum,0.82,0.22,299,4478,1186,9123,14.5,Car,Museum,1.82
1170,Delhi,Agra,362.7,7.1,Winter,Weekday,Bike,Wildlife Park,0.74,0.65,53,1679,831,5457,4.1,Train,Beach,4.02
1171,Mumbai,Goa,132.7,1.32,Winter,Weekday,Bike,Beach,0.51,0.85,169,3135,840,1261,10.3,Walk,Temple,2.95
1172,Kolkata,Ooty,232.1,1.33,Winter,Weekend,Car,Wildlife Park,0.74,0.19,11,1984,399,7113,3.2,Bus,Wildlife Park,4.27
1173,Mumbai,Goa,466.8,3.09,Monsoon,Weekend,Car,Museum,0.56,0.79,109,2580,495,9009,20.0,Bike,Museum,3.23
1174,Kolkata,Agra,227.8,2.07,Summer,Weekday,Walk,Temple,0.8,0.36,269,4941,737,8835,2.4,Train,Wildlife Park,1.82
1175,Kolkata,Agra,272.1,6.49,Spring,Weekday,Train,Museum,0.71,0.11,42,2634,1219,5255,12.1,Walk,Hill Station,4.58
1176,Mumbai,Agra,458.2,5.51,Winter,Weekend,Bike,Beach,0.89,0.85,133,4409,1083,2572,11.8,Train,Hill Station,4.81
1177,Mumbai,Agra,382.2,1.27,Monsoon,Weekend,Bike,Wildlife Park,0.5,0.25,215,2885,1102,5514,19.4,Walk,Hill Station,1.45
1178,Delhi,Shimla,178.0,7.78,Spring,Weekday,Train,Museum,0.65,0.27,240,4776,1442,8894,2.6,Train,Beach,4.99
1179,Mumbai,Ooty,283.5,2.72,Monsoon,Weekday,Bus,Beach,0.56,0.37,245,2372,804,4109,2.4,Walk,Beach,2.79
1180,Chennai,Goa,595.2,10.28,Spring,Weekend,Bike,Wildlife Park,0.5,0.53,12,2391,213,7437,22.6,Bus,Beach,3.43
1181,Bangalore,Shimla,164.4,8.76,Spring,Weekday,Car,Hill Station,0.46,0.61,35,519,366,7744,18.7,Car,Museum,3.03
1182,Delhi,Goa,568.0,10.06,Summer,Weekday,Bike,Wildlife Park,0.67,0.94,230,626,813,1653,19.9,Walk,Temple,3.84
1183,Bangalore,Ooty,179.3,1.7,Summer,Weekday,Bus,Wildlife Park,0.86,0.21,260,2425,646,7147,8.4,Bus,Temple,1.46
1184,Chennai,Agra,288.7,7.36,Monsoon,Weekday,Train,Museum,0.58,0.2,225,1549,343,4569,18.3,Bus,Hill Station,4.43
1185,Kolkata,Shimla,577.5,11.85,Winter,Weekend,Walk,Hill Station,0.29,0.26,84,740,1245,9036,12.0,Train,Beach,4.37
1186,Bangalore,Shimla,490.5,10.84,Winter,Weekend,Bus,Beach,0.75,0.95,12,2543,1052,1287,4.2,Bike,Museum,2.91
1187,Kolkata,Shimla,468.3,4.18,Winter,Weekday,Train,Beach,0.33,0.27,187,1274,271,2017,23.1,Walk,Beach,3.29
1188,Kolkata,Ooty,359.5,11.47,Summer,Weekend,Train,Museum,0.43,0.41,255,4518,1432,1940,12.5,Bus,Museum,4.68
1189,Delhi,Shimla,190.5,5.46,Summer,Weekend,Car,Beach,0.96,0.32,63,3709,890,8081,15.7,Train,Wildlife Park,4.98
1190,Chennai,Mahabalipuram,304.4,9.78,Monsoon,Weekday,Train,Wildlife Park,0.32,0.55,70,2246,865,4638,20.9,Bike,Beach,4.3
1191,Delhi,Ooty,92.7,3.76,Summer,Weekend,Walk,Museum,0.25,0.93,140,2538,1120,8469,14.5,Train,Temple,4.12
1192,Kolkata,Agra,252.4,4.68,Summer,Weekday,Walk,Museum,0.31,0.53,240,2202,589,7710,22.2,Walk,Beach,1.66
1193,Chennai,Shimla,391.9,8.31,Monsoon,Weekend,Car,Hill Station,0.65,0.93,8,4110,1428,2658,8.5,Bus,Museum,2.89
1194,Mumbai,Ooty,535.0,9.09,Spring,Weekday,Train,Hill Station,0.84,0.71,239,2673,384,9307,19.6,Bus,Beach,3.52
1195,Delhi,Shimla,379.1,8.21,Summer,Weekday,Walk,Museum,0.68,0.37,7,2112,1113,8665,19.0,Bus,Hill Station,2.38
1196,Chennai,Shimla,518.4,2.34,Spring,Weekend,Car,Wildlife Park,0.47,1.0,213,4531,765,4379,7.3,Car,Wildlife Park,2.33
1197,Chennai,Mahabalipuram,344.1,11.19,Summer,Weekday,Car,Museum,0.27,0.86,79,4235,1401,3352,9.2,Bike,Hill Station,2.06
1198,Kolkata,Shimla,289.7,2.91,Spring,Weekday,Car,Wildlife Park,0.69,0.44,223,1268,1421,2470,21.8,Bus,Beach,1.0
1199,Delhi,Mahabalipuram,418.8,1.98,Monsoon,Weekend,Bike,Beach,0.21,0.19,192,1737,428,1362,15.6,Walk,Wildlife Park,1.3
1200,Kolkata,Mahabalipuram,258.7,8.61,Winter,Weekend,Bus,Hill Station,0.69,0.26,227,3079,602,1745,14.2,Train,Wildlife Park,3.8
1201,Mumbai,Mahabalipuram,514.2,7.18,Spring,Weekend,Car,Wildlife Park,0.7,0.77,265,2969,1112,4972,6.6,Car,Beach,2.42
1202,Chennai,Agra,420.6,5.79,Summer,Weekend,Car,Wildlife Park,0.46,0.73,291,2598,520,9944,17.9,Walk,Beach,3.13
1203,Mumbai,Mahabalipuram,558.7,10.33,Winter,Weekend,Walk,Temple,0.67,0.57,264,3678,937,4754,15.4,Bike,Beach,1.92
1204,Delhi,Ooty,332.1,4.79,Monsoon,Weekday,Car,Museum,0.61,0.72,65,1086,416,8029,16.2,Train,Beach,2.09
1205,Bangalore,Ooty,384.0,8.54,Monsoon,Weekday,Car,Wildlife Park,0.26,0.18,251,1064,321,4121,9.9,Car,Beach,2.73
1206,Mumbai,Shimla,204.3,7.76,Spring,Weekday,Walk,Beach,0.26,0.55,5,4360,627,4289,22.5,Walk,Beach,2.49
1207,Delhi,Ooty,154.6,7.11,Spring,Weekday,Walk,Beach,0.84,0.72,43,1843,838,7148,14.7,Bike,Museum,4.87
1208,Chennai,Mahabalipuram,52.0,9.55,Monsoon,Weekday,Walk,Temple,0.53,0.97,274,2435,755,8542,15.1,Bus,Wildlife Park,1.33
1209,Kolkata,Shimla,531.6,1.35,Spring,Weekend,Bike,Beach,0.96,0.3,84,3632,1412,4345,17.7,Walk,Hill Station,3.73
1210,Mumbai,Shimla,456.1,5.97,Summer,Weekend,Train,Temple,0.86,0.51,156,1154,739,3453,22.5,Walk,Hill Station,1.79
1211,Chennai,Ooty,182.9,1.28,Summer,Weekend,Bus,Museum,0.97,0.62,98,1221,1062,8227,3.9,Train,Museum,3.59
1212,Chennai,Ooty,282.5,10.32,Monsoon,Weekend,Car,Beach,0.81,0.43,215,4094,1295,1838,20.1,Bike,Beach,1.7
1213,Chennai,Goa,200.8,11.56,Monsoon,Weekday,Car,Hill Station,0.73,0.41,275,3214,849,2015,13.8,Car,Temple,1.12
1214,Kolkata,Shimla,556.8,4.57,Summer,Weekday,Car,Museum,0.9,0.62,148,1298,1247,2973,19.4,Car,Temple,2.54
1215,Mumbai,Goa,319.0,8.78,Monsoon,Weekend,Train,Hill Station,0.69,0.53,86,637,227,1695,8.5,Walk,Museum,3.89
1216,Mumbai,Ooty,280.3,7.35,Winter,Weekend,Bike,Museum,0.41,0.13,268,1901,892,5050,10.2,Bus,Wildlife Park,4.53
1217,Bangalore,Ooty,89.7,6.49,Winter,Weekend,Car,Beach,0.4,0.92,179,1925,359,6429,6.3,Train,Beach,3.24
1218,Mumbai,Mahabalipuram,36.0,2.56,Summer,Weekend,Bus,Temple,0.48,0.72,12,4800,1450,2140,15.6,Bus,Beach,4.91
1219,Delhi,Agra,134.7,5.44,Winter,Weekday,Bike,Wildlife Park,0.98,0.12,289,893,874,8359,7.5,Train,Temple,3.51
1220,Mumbai,Mahabalipuram,65.6,8.05,Summer,Weekday,Bike,Temple,0.45,0.27,262,2630,1337,8789,17.9,Bike,Beach,4.24
1221,Kolkata,Ooty,416.1,9.91,Winter,Weekday,Train,Temple,0.93,0.62,156,3605,957,3285,17.3,Car,Museum,1.81
1222,Bangalore,Agra,297.6,11.86,Monsoon,Weekend,Bus,Wildlife Park,0.81,0.88,131,4350,858,2700,23.6,Bus,Wildlife Park,2.55
1223,Bangalore,Agra,545.5,3.17,Spring,Weekend,Train,Beach,0.28,0.85,194,4926,1165,5480,2.5,Bike,Wildlife Park,4.76
1224,Chennai,Agra,359.1,6.39,Spring,Weekend,Bike,Wildlife Park,0.21,0.27,72,4267,620,6455,10.2,Bike,Wildlife Park,4.18
1225,Bangalore,Ooty,304.5,10.88,Winter,Weekday,Walk,Hill Station,0.44,0.8,166,4490,1494,8028,13.6,Bike,Beach,3.16
1226,Mumbai,Ooty,403.7,2.88,Monsoon,Weekend,Bike,Beach,0.45,0.41,203,609,888,4582,20.1,Walk,Beach,4.42
1227,Mumbai,Mahabalipuram,298.9,4.09,Monsoon,Weekend,Bus,Temple,0.77,0.32,119,3739,356,9524,9.9,Walk,Museum,4.06
1228,Bangalore,Agra,407.5,10.89,Spring,Weekend,Bus,Temple,0.35,0.75,85,1352,469,7478,7.7,Car,Wildlife Park,4.95
1229,Bangalore,Goa,397.3,5.09,Spring,Weekday,Car,Hill Station,0.83,0.63,96,4527,1458,7406,9.0,Bike,Hill Station,3.41
1230,Bangalore,Goa,284.4,6.88,Summer,Weekday,Car,Beach,0.83,0.68,291,1760,703,4814,11.3,Walk,Beach,2.78
1231,Kolkata,Goa,32.1,1.43,Spring,Weekend,Walk,Hill Station,0.59,0.67,287,3292,641,3361,21.8,Train,Temple,2.12
1232,Chennai,Goa,351.5,7.62,Summer,Weekday,Bus,Museum,0.45,0.26,67,2575,985,3245,10.8,Train,Temple,3.73
1233,Chennai,Mahabalipuram,371.4,4.61,Monsoon,Weekend,Car,Museum,0.37,0.34,146,3408,817,4209,18.2,Bus,Museum,2.89
1234,Kolkata,Agra,342.7,5.36,Monsoon,Weekday,Bus,Temple,0.84,0.71,270,3651,936,1510,11.4,Car,Temple,1.51
1235,Bangalore,Goa,502.7,1.81,Winter,Weekend,Car,Hill Station,0.51,0.84,274,4300,620,2335,19.3,Car,Wildlife Park,4.22
1236,Mumbai,Goa,101.3,2.99,Winter,Weekend,Train,Temple,0.81,0.92,174,2929,1416,4606,17.5,Train,Museum,3.36
1237,Bangalore,Ooty,85.2,10.79,Winter,Weekday,Train,Temple,0.21,0.26,74,4721,732,2221,11.0,Bus,Temple,2.32
1238,Chennai,Shimla,46.9,7.05,Monsoon,Weekday,Bike,Temple,0.79,0.11,27,1037,958,1425,5.3,Train,Temple,2.46
1239,Bangalore,Agra,59.2,5.29,Spring,Weekend,Car,Temple,0.39,0.57,45,3953,798,7314,9.1,Car,Hill Station,4.46
1240,Delhi,Agra,195.5,10.74,Monsoon,Weekday,Bike,Museum,0.38,0.72,208,1479,1466,1032,16.0,Train,Museum,4.07
1241,Mumbai,Goa,263.7,3.76,Monsoon,Weekday,Walk,Temple,0.65,0.36,41,2699,1217,5059,3.1,Bus,Wildlife Park,1.63
1242,Mumbai,Mahabalipuram,268.4,1.06,Summer,Weekday,Bike,Wildlife Park,0.44,0.8,16,4809,1289,1100,16.5,Bus,Museum,1.77
1243,Kolkata,Ooty,550.9,5.79,Summer,Weekend,Car,Beach,0.61,0.98,87,960,1495,3782,18.2,Train,Wildlife Park,3.29
1244,Bangalore,Goa,18.7,1.78,Monsoon,Weekend,Walk,Museum,0.37,0.4,91,4774,235,5898,15.3,Bus,Hill Station,2.68
1245,Chennai,Agra,511.5,11.4,Winter,Weekend,Bus,Museum,0.97,0.49,276,3536,383,2318,9.9,Car,Beach,1.17
1246,Bangalore,Ooty,455.3,11.43,Winter,Weekend,Train,Temple,0.86,0.3,179,1322,1246,1994,18.2,Walk,Beach,3.54
1247,Delhi,Shimla,561.3,2.03,Summer,Weekday,Bus,Temple,0.31,0.15,4,743,490,6400,3.7,Train,Museum,1.55
1248,Mumbai,Agra,136.5,9.84,Spring,Weekend,Train,Wildlife Park,0.52,0.67,241,4335,1409,2787,13.1,Walk,Wildlife Park,3.03
1249,Bangalore,Agra,28.1,10.49,Monsoon,Weekend,Train,Temple,0.37,0.6,82,4198,203,1301,20.9,Car,Beach,2.11
1250,Kolkata,Shimla,474.0,3.17,Winter,Weekday,Bus,Wildlife Park,0.81,0.93,227,2021,1413,2545,12.2,Bus,Museum,4.63
1251,Bangalore,Shimla,546.9,4.28,Monsoon,Weekday,Train,Beach,0.85,0.2,246,1285,401,3435,16.5,Car,Hill Station,1.58
1252,Bangalore,Mahabalipuram,150.3,2.05,Spring,Weekend,Bike,Wildlife Park,0.66,0.54,148,3379,831,9639,2.2,Car,Beach,4.62
1253,Bangalore,Shimla,43.6,2.52,Summer,Weekend,Car,Beach,0.4,0.26,189,4078,1462,4632,15.4,Bus,Wildlife Park,2.83
1254,Mumbai,Shimla,280.8,8.95,Spring,Weekend,Train,Hill Station,0.56,0.61,32,3042,263,1736,2.4,Train,Wildlife Park,3.96
1255,Kolkata,Goa,78.0,4.54,Spring,Weekend,Train,Museum,0.54,0.67,138,1930,789,9003,7.1,Walk,Hill Station,2.64
1256,Chennai,Goa,289.6,7.24,Monsoon,Weekend,Train,Temple,0.69,0.33,100,2211,1348,7516,4.4,Train,Wildlife Park,3.7
1257,Chennai,Ooty,243.4,8.06,Monsoon,Weekday,Car,Wildlife Park,0.96,0.53,136,2950,264,5804,16.8,Bike,Museum,4.27
1258,Chennai,Goa,221.8,9.17,Spring,Weekday,Bus,Wildlife Park,0.36,0.38,37,964,472,1570,2.8,Bike,Hill Station,4.82
1259,Bangalore,Shimla,525.5,8.52,Monsoon,Weekday,Bus,Hill Station,0.85,0.55,129,2090,751,3022,21.4,Bus,Wildlife Park,3.37
1260,Delhi,Mahabalipuram,127.0,8.99,Spring,Weekday,Car,Wildlife Park,0.92,0.45,19,1091,1018,2917,4.3,Car,Hill Station,4.8
1261,Chennai,Ooty,422.4,9.82,Spring,Weekday,Car,Temple,0.66,0.95,82,2908,1455,3777,4.0,Train,Hill Station,2.08
1262,Kolkata,Shimla,115.4,7.77,Winter,Weekday,Car,Hill Station,0.33,0.92,300,3437,1208,2396,2.5,Walk,Temple,3.9
1263,Chennai,Goa,416.0,4.25,Monsoon,Weekend,Train,Museum,0.81,0.2,71,2200,442,4252,14.7,Walk,Wildlife Park,2.47
1264,Kolkata,Shimla,450.4,1.23,Summer,Weekday,Walk,Wildlife Park,0.99,0.54,32,3940,1447,4998,9.9,Car,Wildlife Park,3.59
1265,Kolkata,Goa,528.0,10.24,Summer,Weekend,Walk,Museum,0.7,0.75,193,658,942,3032,10.5,Car,Museum,1.63
1266,Mumbai,Shimla,478.4,11.51,Monsoon,Weekday,Car,Hill Station,0.58,0.68,232,3329,397,3100,19.5,Bike,Temple,4.37
1267,Chennai,Ooty,300.4,10.41,Monsoon,Weekend,Car,Beach,0.22,0.95,297,1220,465,5562,21.7,Car,Hill Station,1.46
1268,Chennai,Agra,244.8,7.2,Monsoon,Weekend,Train,Temple,0.67,0.1,185,2586,995,5681,15.8,Train,Museum,3.27
1269,Chennai,Shimla,457.3,2.57,Summer,Weekend,Bike,Hill Station,0.49,0.29,58,4572,1410,7685,4.6,Walk,Beach,4.79
1270,Mumbai,Shimla,534.8,10.51,Spring,Weekday,Bus,Wildlife Park,0.82,0.52,241,561,1359,4668,22.1,Bus,Hill Station,4.28
1271,Kolkata,Agra,420.5,5.75,Winter,Weekend,Train,Museum,0.94,0.67,207,2685,767,4838,12.3,Bike,Wildlife Park,3.17
1272,Delhi,Mahabalipuram,273.5,11.26,Spring,Weekend,Walk,Hill Station,0.96,0.75,219,3445,881,7116,20.4,Bike,Museum,3.0
1273,Delhi,Ooty,400.3,7.84,Spring,Weekday,Bus,Wildlife Park,1.0,0.59,112,2830,511,5122,5.3,Car,Beach,1.21
1274,Delhi,Agra,274.1,4.48,Winter,Weekend,Bike,Beach,0.75,0.31,117,4988,318,4400,8.4,Bus,Hill Station,2.22
1275,Bangalore,Ooty,60.7,2.86,Monsoon,Weekend,Bus,Temple,0.67,0.28,189,859,732,2444,8.5,Bike,Beach,1.3
1276,Kolkata,Shimla,230.6,1.61,Monsoon,Weekend,Bike,Hill Station,0.69,0.14,150,945,1188,1095,18.7,Train,Hill Station,1.37
1277,Kolkata,Mahabalipuram,414.7,9.34,Summer,Weekday,Train,Temple,0.65,0.12,274,3430,731,6159,7.8,Train,Temple,2.14
1278,Bangalore,Goa,58.3,1.55,Winter,Weekday,Bus,Beach,0.52,0.56,148,1798,641,8508,13.4,Car,Hill Station,3.84
1279,Chennai,Ooty,213.8,6.24,Summer,Weekday,Bike,Beach,0.46,0.44,225,658,996,6673,6.8,Train,Wildlife Park,1.19
1280,Bangalore,Ooty,461.1,4.8,Monsoon,Weekday,Bus,Hill Station,0.84,0.96,240,923,827,8648,8.2,Walk,Beach,2.13
1281,Delhi,Goa,555.4,3.15,Spring,Weekday,Train,Beach,0.51,0.46,216,2067,1364,1361,18.6,Bike,Hill Station,1.87
1282,Bangalore,Mahabalipuram,478.3,8.15,Summer,Weekend,Walk,Temple,0.82,0.5,234,1989,1063,6597,10.1,Walk,Hill Station,3.46
1283,Chennai,Agra,582.9,8.81,Spring,Weekend,Walk,Wildlife Park,0.31,0.28,269,3974,972,1827,7.9,Bike,Hill Station,2.01
1284,Delhi,Agra,449.1,6.73,Winter,Weekend,Bus,Beach,0.62,0.62,76,1069,695,2276,18.0,Car,Beach,2.55
1285,Chennai,Goa,231.5,9.31,Spring,Weekend,Bike,Museum,0.46,0.77,245,2678,1265,4273,18.6,Car,Temple,3.95
1286,Mumbai,Shimla,203.8,2.09,Monsoon,Weekday,Car,Hill Station,0.74,0.84,152,4026,1008,7736,15.2,Walk,Temple,1.14
1287,Bangalore,Goa,225.5,5.09,Winter,Weekday,Bike,Wildlife Park,0.92,0.51,126,3988,330,8439,19.1,Car,Temple,4.24
1288,Bangalore,Ooty,102.6,11.56,Winter,Weekday,Bus,Wildlife Park,0.55,0.52,280,998,1083,7581,3.3,Bike,Hill Station,1.12
1289,Kolkata,Shimla,530.8,11.52,Monsoon,Weekend,Bus,Beach,0.66,0.78,143,2184,768,5123,13.0,Walk,Museum,1.64
1290,Kolkata,Mahabalipuram,208.5,7.13,Monsoon,Weekend,Bus,Hill Station,0.85,0.36,19,1920,635,4686,4.4,Car,Museum,3.54
1291,Mumbai,Goa,246.9,2.32,Monsoon,Weekday,Car,Beach,0.21,0.63,290,1398,741,5290,19.0,Train,Beach,3.08
1292,Bangalore,Mahabalipuram,332.6,6.04,Summer,Weekend,Train,Temple,0.34,0.46,253,3798,1117,2527,13.2,Bike,Wildlife Park,4.76
1293,Mumbai,Goa,324.5,6.6,Monsoon,Weekend,Bus,Hill Station,0.57,0.83,280,2215,1127,4053,11.4,Walk,Beach,3.44
1294,Mumbai,Shimla,377.7,7.95,Summer,Weekday,Car,Museum,0.98,0.27,87,4816,336,4663,5.6,Train,Wildlife Park,2.04
1295,Bangalore,Ooty,190.5,8.51,Summer,Weekday,Bus,Temple,0.34,0.85,247,1820,673,3630,22.8,Bike,Wildlife Park,3.93
1296,Mumbai,Mahabalipuram,68.8,10.57,Winter,Weekend,Train,Temple,0.38,0.6,293,2655,1431,8358,21.7,Car,Hill Station,4.97
1297,Kolkata,Shimla,462.7,5.63,Spring,Weekday,Bus,Museum,0.85,0.31,21,2137,1220,5466,4.6,Car,Wildlife Park,2.65
1298,Mumbai,Goa,55.4,10.57,Spring,Weekend,Train,Beach,0.36,0.93,180,2088,721,5358,8.0,Train,Hill Station,4.99
1299,Chennai,Goa,404.4,1.93,Monsoon,Weekday,Car,Hill Station,0.45,0.82,203,3642,602,2598,6.2,Bike,Hill Station,2.47
1300,Chennai,Mahabalipuram,229.2,2.86,Winter,Weekend,Car,Wildlife Park,0.92,0.43,100,1677,1496,3549,7.5,Bus,Museum,1.92
1301,Mumbai,Agra,377.4,7.96,Summer,Weekday,Train,Temple,0.61,0.64,78,1489,256,9125,8.9,Car,Hill Station,1.15
1302,Delhi,Ooty,447.2,5.66,Winter,Weekend,Car,Wildlife Park,0.74,0.57,89,4023,511,2758,11.8,Car,Museum,2.8
1303,Delhi,Shimla,417.6,5.26,Winter,Weekday,Car,Hill Station,0.24,0.28,295,533,707,1938,5.9,Car,Beach,4.46
1304,Bangalore,Shimla,553.6,9.71,Spring,Weekday,Bus,Temple,0.64,0.57,244,4877,992,6375,17.2,Train,Museum,4.42
1305,Kolkata,Goa,548.0,11.57,Monsoon,Weekend,Car,Temple,0.21,0.75,243,2559,459,6262,9.6,Bus,Museum,4.33
1306,Bangalore,Mahabalipuram,331.8,4.09,Winter,Weekday,Bike,Wildlife Park,1.0,0.2,214,4287,1320,2132,19.5,Walk,Museum,4.37
1307,Chennai,Shimla,168.1,6.59,Spring,Weekend,Bike,Beach,0.24,0.38,90,1248,450,5572,19.1,Walk,Wildlife Park,4.67
1308,Kolkata,Ooty,216.1,4.02,Summer,Weekday,Train,Wildlife Park,0.79,0.94,258,2897,1115,5159,13.8,Train,Hill Station,3.99
1309,Chennai,Mahabalipuram,160.9,10.76,Monsoon,Weekday,Walk,Wildlife Park,0.82,0.97,77,606,757,7086,10.2,Car,Beach,2.52
1310,Delhi,Goa,177.5,7.64,Spring,Weekday,Walk,Hill Station,0.23,0.31,117,4438,404,5507,8.2,Walk,Wildlife Park,3.36
1311,Chennai,Mahabalipuram,234.2,4.04,Spring,Weekday,Car,Beach,0.7,0.27,56,773,1269,7874,13.5,Car,Beach,1.39
1312,Bangalore,Agra,33.3,2.09,Spring,Weekday,Walk,Beach,1.0,0.31,62,3220,1178,8022,6.8,Bike,Museum,4.02
1313,Mumbai,Agra,500.6,5.84,Summer,Weekday,Walk,Beach,0.74,0.77,193,4053,1070,2102,12.0,Train,Hill Station,3.41
1314,Bangalore,Agra,371.6,6.93,Spring,Weekday,Bus,Wildlife Park,0.55,0.58,228,2832,604,9107,9.1,Bus,Temple,4.67
1315,Bangalore,Shimla,71.8,8.13,Winter,Weekend,Car,Hill Station,0.68,0.4,44,2435,862,8393,22.8,Car,Hill Station,2.75
1316,Mumbai,Shimla,190.0,11.75,Summer,Weekday,Walk,Hill Station,0.37,0.19,171,2383,571,6749,9.3,Train,Hill Station,1.56
1317,Delhi,Agra,594.0,8.79,Monsoon,Weekend,Walk,Temple,0.22,0.72,196,4900,274,2496,15.8,Train,Beach,1.59
1318,Delhi,Ooty,76.4,9.07,Summer,Weekend,Car,Temple,0.48,0.64,22,4080,644,7078,12.5,Bus,Temple,4.51
1319,Bangalore,Goa,67.4,7.72,Spring,Weekend,Car,Beach,0.25,0.26,166,4614,1315,5017,21.7,Walk,Museum,4.12
1320,Kolkata,Agra,170.6,10.8,Spring,Weekend,Car,Wildlife Park,0.33,0.97,218,3279,606,9662,16.4,Bus,Temple,1.39
1321,Kolkata,Goa,573.5,1.48,Spring,Weekend,Bus,Beach,0.26,0.52,136,2194,997,7420,16.2,Walk,Wildlife Park,1.21
1322,Chennai,Ooty,403.1,7.91,Spring,Weekend,Bike,Beach,0.94,0.28,180,4988,1405,7489,12.3,Bike,Hill Station,1.57
1323,Mumbai,Mahabalipuram,445.9,2.07,Winter,Weekday,Train,Museum,0.33,0.42,116,4230,1286,9765,14.8,Car,Wildlife Park,1.46
1324,Bangalore,Ooty,263.2,11.79,Summer,Weekend,Bus,Museum,0.61,0.41,121,3693,578,3691,21.4,Train,Wildlife Park,4.57
1325,Chennai,Goa,138.5,2.67,Monsoon,Weekday,Car,Temple,0.41,0.54,118,1344,773,8855,9.3,Train,Beach,2.43
1326,Kolkata,Goa,284.9,9.36,Monsoon,Weekend,Train,Temple,0.39,0.57,217,4096,1049,6798,5.5,Car,Museum,3.12
1327,Kolkata,Agra,277.1,10.31,Summer,Weekend,Bike,Temple,0.61,0.29,57,2534,923,4392,4.3,Bike,Temple,3.14
1328,Delhi,Agra,240.4,6.83,Monsoon,Weekend,Bike,Wildlife Park,0.29,0.64,121,2593,552,5541,9.8,Train,Wildlife Park,2.82
1329,Chennai,Shimla,385.2,8.37,Spring,Weekend,Car,Hill Station,0.47,0.78,284,4441,524,9607,11.7,Train,Temple,2.77
1330,Kolkata,Mahabalipuram,292.2,6.51,Spring,Weekend,Bus,Hill Station,0.7,0.71,287,4730,1321,5192,16.2,Bike,Hill Station,4.87
1331,Chennai,Shimla,82.2,7.2,Spring,Weekend,Train,Beach,0.54,0.38,103,3207,868,4929,8.4,Train,Museum,1.33
1332,Chennai,Agra,131.8,1.43,Monsoon,Weekday,Bus,Beach,0.42,0.14,200,3266,1378,9058,3.5,Walk,Temple,1.59
1333,Kolkata,Mahabalipuram,536.2,3.03,Monsoon,Weekday,Walk,Beach,0.93,0.25,271,618,938,1450,18.7,Walk,Museum,3.43
1334,Kolkata,Agra,240.1,11.7,Winter,Weekend,Bike,Museum,0.95,0.28,5,1022,1341,5562,10.4,Car,Temple,2.13
1335,Bangalore,Agra,54.4,11.28,Monsoon,Weekend,Train,Museum,0.64,0.46,273,2229,747,1232,19.9,Bike,Hill Station,3.27
1336,Mumbai,Mahabalipuram,31.7,5.56,Spring,Weekend,Bike,Beach,0.56,0.15,272,1820,1343,8355,2.5,Walk,Temple,1.68
1337,Kolkata,Goa,45.1,4.52,Summer,Weekend,Walk,Wildlife Park,0.46,0.72,220,3793,681,5318,15.4,Bus,Wildlife Park,2.33
1338,Mumbai,Agra,593.1,5.6,Spring,Weekend,Bus,Museum,0.25,0.19,7,4196,1125,2256,3.3,Train,Wildlife Park,4.44
1339,Bangalore,Shimla,241.7,10.52,Spring,Weekday,Train,Hill Station,0.61,0.61,14,1221,202,9197,15.6,Walk,Temple,1.98
1340,Delhi,Ooty,114.2,5.3,Monsoon,Weekend,Car,Museum,0.43,0.53,196,4349,405,9995,7.7,Car,Beach,3.39
1341,Chennai,Agra,381.1,1.79,Spring,Weekend,Car,Beach,0.43,0.52,216,1061,301,4126,23.4,Bus,Beach,4.27
1342,Bangalore,Shimla,178.6,1.79,Monsoon,Weekday,Train,Wildlife Park,0.69,0.45,109,4739,761,9332,15.9,Car,Museum,1.06
1343,Delhi,Ooty,567.8,9.46,Winter,Weekday,Car,Museum,0.29,0.74,276,2004,1432,3318,11.6,Walk,Wildlife Park,2.02
1344,Chennai,Ooty,280.7,2.37,Winter,Weekday,Bus,Wildlife Park,0.82,0.79,54,3621,1486,6529,7.1,Walk,Hill Station,4.57
1345,Chennai,Agra,83.7,8.73,Summer,Weekend,Car,Hill Station,0.94,0.14,48,641,1191,6722,19.9,Bus,Museum,3.25
1346,Delhi,Goa,37.5,3.46,Spring,Weekend,Bus,Hill Station,0.39,0.46,132,3612,558,6163,8.4,Walk,Museum,2.47
1347,Chennai,Goa,163.2,6.04,Summer,Weekend,Walk,Beach,0.79,0.97,215,3543,1280,5276,5.4,Bus,Beach,4.22
1348,Bangalore,Mahabalipuram,545.7,3.78,Winter,Weekend,Bus,Beach,0.63,0.42,80,2538,1070,5486,19.5,Walk,Wildlife Park,1.94
1349,Bangalore,Agra,157.7,10.24,Spring,Weekend,Walk,Beach,0.98,0.51,295,2500,634,1131,8.6,Bike,Beach,2.18
1350,Mumbai,Mahabalipuram,597.7,3.16,Summer,Weekend,Bike,Temple,0.61,0.63,290,2292,1153,5121,23.3,Train,Museum,2.13
1351,Chennai,Shimla,553.8,8.42,Spring,Weekday,Bus,Hill Station,0.66,0.86,138,694,211,1985,20.4,Train,Wildlife Park,2.07
1352,Bangalore,Ooty,28.0,8.69,Monsoon,Weekend,Car,Museum,0.75,0.38,63,1684,513,9742,17.5,Car,Museum,3.89
1353,Bangalore,Shimla,588.4,7.56,Winter,Weekday,Train,Temple,0.29,0.48,12,3819,1417,7671,20.5,Walk,Wildlife Park,3.99
1354,Mumbai,Mahabalipuram,388.5,2.26,Winter,Weekday,Car,Wildlife Park,0.69,0.69,73,2359,770,6504,15.2,Bike,Wildlife Park,1.57
1355,Chennai,Ooty,464.4,1.59,Winter,Weekday,Bike,Hill Station,0.41,0.39,178,2769,601,2516,6.8,Walk,Museum,4.91
1356,Chennai,Mahabalipuram,361.2,4.08,Winter,Weekday,Car,Beach,0.41,0.66,110,4569,1477,5217,21.7,Walk,Temple,4.3
1357,Kolkata,Shimla,323.4,11.55,Winter,Weekend,Bike,Beach,0.24,0.78,148,2414,750,8604,13.2,Walk,Hill Station,2.83
1358,Delhi,Mahabalipuram,345.9,9.85,Winter,Weekend,Train,Wildlife Park,0.69,0.78,113,4192,1108,7940,7.8,Walk,Temple,3.83
1359,Delhi,Agra,382.1,2.35,Summer,Weekday,Bike,Temple,0.56,0.88,122,2259,825,1619,14.1,Bus,Wildlife Park,4.12
1360,Delhi,Shimla,362.0,3.99,Winter,Weekend,Train,Temple,0.74,0.64,224,1974,1200,5010,8.1,Car,Wildlife Park,4.23
1361,Kolkata,Goa,597.7,5.06,Summer,Weekday,Car,Hill Station,0.66,0.59,107,2450,1124,1326,11.0,Walk,Wildlife Park,2.66
1362,Delhi,Shimla,267.1,7.82,Monsoon,Weekend,Train,Hill Station,0.83,0.14,25,4597,598,6936,8.8,Bus,Wildlife Park,4.71
1363,Delhi,Agra,423.4,5.75,Summer,Weekday,Bus,Wildlife Park,0.4,0.87,62,2492,764,9377,19.8,Train,Hill Station,4.58
1364,Mumbai,Goa,286.3,8.99,Monsoon,Weekend,Bus,Hill Station,0.59,0.38,235,1971,958,1657,19.3,Bike,Temple,3.84
1365,Chennai,Goa,328.5,8.29,Spring,Weekend,Walk,Museum,0.65,0.41,75,3018,1244,8150,14.5,Walk,Wildlife Park,3.64
1366,Kolkata,Goa,280.8,1.86,Spring,Weekday,Walk,Temple,0.67,0.14,80,1635,911,1218,9.6,Bus,Wildlife Park,1.08
1367,Mumbai,Goa,92.7,7.92,Spring,Weekday,Bike,Temple,0.6,0.96,261,2156,518,7015,11.0,Car,Hill Station,2.28
1368,Bangalore,Mahabalipuram,299.6,1.69,Spring,Weekend,Bus,Hill Station,0.32,0.8,211,1582,1101,2621,15.3,Train,Hill Station,1.67
1369,Bangalore,Agra,287.4,1.91,Spring,Weekday,Bus,Temple,0.32,0.97,116,1972,1444,6420,14.7,Bike,Museum,3.78
1370,Chennai,Agra,593.8,3.39,Summer,Weekend,Car,Beach,0.55,0.63,63,4385,1371,9488,2.2,Car,Wildlife Park,4.98
1371,Chennai,Shimla,593.7,8.68,Spring,Weekday,Bike,Museum,0.4,0.73,6,1844,903,3598,18.2,Walk,Temple,4.01
1372,Delhi,Goa,425.7,8.96,Winter,Weekend,Car,Wildlife Park,0.39,0.1,298,4074,1363,3167,14.4,Walk,Museum,1.71
1373,Bangalore,Goa,395.4,2.99,Spring,Weekday,Car,Hill Station,0.99,0.86,70,1352,1321,3319,19.4,Walk,Hill Station,1.37
1374,Chennai,Goa,593.4,1.8,Spring,Weekend,Car,Museum,0.25,0.73,161,1739,957,8207,2.9,Bus,Hill Station,2.4
1375,Delhi,Mahabalipuram,209.0,9.0,Summer,Weekend,Train,Hill Station,0.22,0.4,142,1309,405,8368,17.3,Car,Beach,1.3
1376,Kolkata,Ooty,139.1,11.06,Winter,Weekend,Train,Beach,0.79,0.51,296,625,1085,6411,18.5,Walk,Beach,2.22
1377,Chennai,Goa,195.5,6.07,Monsoon,Weekday,Bike,Beach,0.45,0.87,103,4510,493,5197,14.4,Bus,Temple,2.55
1378,Delhi,Shimla,12.6,7.78,Winter,Weekday,Train,Hill Station,0.34,0.29,4,886,317,7396,22.4,Car,Wildlife Park,1.58
1379,Chennai,Ooty,306.5,4.36,Summer,Weekend,Bike,Hill Station,0.66,0.46,218,1679,718,3896,16.6,Bus,Hill Station,2.02
1380,Bangalore,Shimla,564.3,11.4,Monsoon,Weekend,Bus,Beach,0.29,0.73,92,3940,622,7035,11.9,Bike,Hill Station,4.63
1381,Delhi,Ooty,106.2,2.32,Winter,Weekend,Walk,Wildlife Park,0.61,0.98,38,1738,1064,7006,5.6,Bus,Museum,4.06
1382,Mumbai,Agra,354.0,2.76,Spring,Weekend,Bus,Hill Station,0.63,0.65,167,1283,1460,2629,16.4,Train,Museum,4.33
1383,Kolkata,Shimla,529.6,8.6,Winter,Weekend,Walk,Wildlife Park,0.61,0.36,112,1363,1366,9756,4.8,Car,Museum,3.99
1384,Chennai,Ooty,529.8,9.31,Winter,Weekday,Train,Museum,0.75,0.88,215,2351,307,1907,12.1,Train,Wildlife Park,1.04
1385,Mumbai,Mahabalipuram,404.8,7.57,Spring,Weekday,Bus,Wildlife Park,0.76,0.79,40,1046,331,4111,12.1,Bus,Temple,3.01
1386,Kolkata,Mahabalipuram,273.9,1.57,Monsoon,Weekend,Bike,Museum,0.2,0.78,225,675,952,2390,19.7,Train,Hill Station,2.67
1387,Bangalore,Shimla,583.0,2.57,Summer,Weekday,Walk,Hill Station,0.28,0.53,294,1223,1388,2600,20.5,Bike,Museum,4.78
1388,Delhi,Shimla,79.2,7.23,Winter,Weekend,Bus,Museum,0.38,0.14,107,1729,1498,1563,7.0,Train,Hill Station,1.55
1389,Mumbai,Shimla,28.4,5.35,Summer,Weekend,Bike,Beach,0.58,0.52,75,4329,1129,1205,17.5,Bus,Temple,1.32
1390,Delhi,Ooty,365.7,3.41,Winter,Weekend,Train,Wildlife Park,0.24,0.14,168,556,684,6179,19.3,Train,Wildlife Park,1.59
1391,Bangalore,Ooty,72.2,6.8,Spring,Weekday,Walk,Wildlife Park,0.95,0.27,155,1401,1193,9041,15.6,Bike,Temple,1.56
1392,Mumbai,Goa,500.9,5.18,Monsoon,Weekday,Bus,Beach,0.62,0.75,19,1847,201,9006,11.9,Bike,Wildlife Park,4.24
1393,Chennai,Ooty,163.3,10.28,Spring,Weekday,Train,Hill Station,0.74,0.77,242,2452,1287,9023,15.6,Bus,Museum,1.47
1394,Delhi,Goa,170.0,2.37,Monsoon,Weekend,Bus,Wildlife Park,1.0,0.29,178,1057,516,5197,3.6,Bike,Hill Station,4.23
1395,Delhi,Shimla,398.4,2.73,Summer,Weekend,Car,Temple,0.77,0.21,64,4497,281,8597,22.0,Walk,Beach,1.36
1396,Bangalore,Mahabalipuram,490.2,3.53,Winter,Weekday,Walk,Temple,0.4,0.32,28,2527,1499,8606,2.2,Bus,Beach,4.41
1397,Mumbai,Ooty,120.6,4.33,Winter,Weekday,Bus,Hill Station,0.95,0.16,6,1577,1474,5776,8.7,Walk,Museum,1.55
1398,Delhi,Mahabalipuram,527.8,10.03,Winter,Weekday,Car,Museum,0.47,0.92,19,4661,911,1388,9.1,Car,Hill Station,4.57
1399,Bangalore,Shimla,35.3,1.82,Monsoon,Weekend,Car,Beach,0.63,0.67,300,695,695,3572,21.1,Car,Hill Station,2.11
1400,Bangalore,Goa,194.8,4.34,Monsoon,Weekend,Walk,Beach,0.9,0.67,54,4796,457,3811,7.0,Walk,Hill Station,4.83
1401,Kolkata,Mahabalipuram,565.7,5.45,Spring,Weekday,Train,Museum,0.75,0.56,70,1388,876,7243,11.4,Bus,Beach,4.12
1402,Chennai,Shimla,17.3,7.63,Winter,Weekday,Car,Beach,0.44,0.94,270,4558,755,5894,18.6,Train,Hill Station,3.15
1403,Chennai,Shimla,388.5,1.82,Spring,Weekday,Train,Museum,0.31,0.17,291,661,428,9147,6.5,Train,Temple,1.88
1404,Kolkata,Shimla,286.1,7.1,Summer,Weekday,Bus,Wildlife Park,0.73,0.43,9,2902,223,1244,10.6,Walk,Wildlife Park,2.44
1405,Delhi,Agra,512.0,4.5,Summer,Weekday,Walk,Hill Station,0.44,0.6,90,2917,1081,2607,4.6,Car,Beach,3.13
1406,Chennai,Mahabalipuram,500.5,9.22,Spring,Weekend,Train,Beach,0.29,0.59,297,3737,1147,5476,22.3,Train,Hill Station,2.67
1407,Kolkata,Agra,271.4,9.72,Monsoon,Weekday,Car,Hill Station,0.77,0.45,20,4624,835,3838,10.0,Train,Wildlife Park,1.61
1408,Delhi,Shimla,24.4,2.48,Spring,Weekend,Walk,Beach,0.48,0.66,171,4762,1202,5352,7.8,Bus,Wildlife Park,4.08
1409,Delhi,Goa,145.5,11.83,Spring,Weekend,Train,Beach,0.74,0.43,26,1701,436,2677,5.8,Walk,Temple,4.1
1410,Delhi,Mahabalipuram,280.8,5.82,Summer,Weekend,Bus,Temple,0.32,0.55,116,1876,1381,9420,15.1,Car,Museum,1.67
1411,Kolkata,Ooty,185.9,6.34,Summer,Weekend,Train,Hill Station,0.48,0.25,23,4057,1093,5247,6.3,Train,Beach,4.34
1412,Bangalore,Agra,92.0,3.76,Monsoon,Weekday,Walk,Wildlife Park,0.75,0.94,246,3908,328,1381,20.2,Train,Wildlife Park,1.92
1413,Delhi,Agra,473.9,6.57,Spring,Weekday,Train,Beach,0.66,0.17,182,4757,476,1596,15.3,Bike,Museum,1.83
1414,Mumbai,Goa,155.2,4.82,Spring,Weekend,Bus,Hill Station,0.34,0.72,105,3669,503,6354,15.8,Car,Museum,4.1
1415,Mumbai,Ooty,305.7,1.91,Spring,Weekend,Bike,Wildlife Park,0.32,0.7,125,4058,1271,1929,3.7,Walk,Wildlife Park,1.03
1416,Mumbai,Shimla,503.8,1.8,Monsoon,Weekend,Car,Hill Station,0.22,0.15,170,1806,921,7865,2.4,Train,Museum,4.45
1417,Delhi,Ooty,113.9,3.08,Spring,Weekend,Walk,Temple,0.45,0.87,134,3508,872,8668,21.6,Train,Wildlife Park,4.61
1418,Kolkata,Ooty,22.9,5.19,Summer,Weekday,Walk,Hill Station,0.25,0.86,91,4560,1383,2362,6.9,Bike,Museum,1.35
1419,Delhi,Ooty,363.1,6.12,Spring,Weekend,Train,Beach,0.25,0.44,97,4982,456,6919,20.2,Bus,Museum,2.05
1420,Delhi,Goa,282.5,10.08,Spring,Weekend,Car,Wildlife Park,0.68,0.85,255,1239,1000,9426,4.9,Walk,Hill Station,4.57
1421,Mumbai,Ooty,502.4,2.84,Spring,Weekend,Walk,Wildlife Park,0.61,0.26,199,904,722,7008,17.3,Car,Museum,3.59
1422,Mumbai,Ooty,253.8,7.27,Spring,Weekday,Car,Museum,0.94,0.59,108,1303,475,6926,5.3,Train,Beach,4.75
1423,Delhi,Goa,485.0,9.74,Winter,Weekend,Train,Wildlife Park,0.44,0.42,255,4137,294,3867,4.0,Car,Wildlife Park,1.17
1424,Delhi,Shimla,551.1,7.45,Summer,Weekend,Bus,Museum,0.23,0.43,39,2982,351,5816,12.3,Train,Beach,4.7
1425,Chennai,Agra,101.7,5.08,Spring,Weekday,Walk,Museum,0.68,0.4,81,3088,340,7428,22.0,Bike,Beach,4.14
1426,Bangalore,Goa,68.8,2.88,Summer,Weekday,Train,Hill Station,0.83,0.53,23,4645,1288,2438,2.4,Bus,Wildlife Park,3.38
1427,Kolkata,Mahabalipuram,140.8,6.69,Spring,Weekend,Train,Hill Station,0.47,0.94,133,2564,342,1872,10.4,Bus,Hill Station,2.89
1428,Kolkata,Mahabalipuram,443.7,9.98,Summer,Weekend,Train,Temple,0.68,0.32,195,3155,1332,6022,19.5,Car,Hill Station,1.56
1429,Chennai,Mahabalipuram,228.7,1.53,Monsoon,Weekend,Bike,Temple,0.47,0.31,52,1063,1281,7517,11.5,Walk,Wildlife Park,1.38
1430,Mumbai,Mahabalipuram,271.2,2.53,Monsoon,Weekday,Bike,Beach,0.54,0.66,63,2285,917,3607,6.1,Walk,Beach,4.18
1431,Delhi,Agra,28.7,11.91,Winter,Weekday,Walk,Hill Station,0.4,0.59,142,1747,598,4650,12.8,Bus,Museum,1.52
1432,Bangalore,Goa,37.9,9.48,Winter,Weekday,Car,Hill Station,0.97,0.82,57,2157,1278,8249,15.3,Train,Temple,4.83
1433,Kolkata,Goa,391.4,4.67,Spring,Weekday,Bus,Beach,0.27,0.65,99,4871,1286,2469,23.2,Train,Hill Station,2.29
1434,Delhi,Shimla,248.1,7.82,Summer,Weekend,Walk,Temple,0.44,0.92,190,1233,593,7974,22.9,Car,Museum,3.26
1435,Chennai,Agra,188.9,5.06,Monsoon,Weekend,Train,Temple,0.97,0.62,228,806,671,7443,15.3,Car,Wildlife Park,1.57
1436,Mumbai,Mahabalipuram,117.8,1.6,Summer,Weekday,Walk,Museum,0.52,0.95,272,750,1458,5384,17.0,Walk,Wildlife Park,3.64
1437,Chennai,Shimla,98.1,1.76,Summer,Weekday,Train,Beach,0.45,0.3,175,3676,693,3473,4.8,Bus,Beach,4.97
1438,Delhi,Shimla,219.8,1.57,Spring,Weekend,Train,Wildlife Park,0.82,0.54,112,4369,1068,8618,12.4,Car,Beach,2.13
1439,Chennai,Mahabalipuram,201.2,5.93,Winter,Weekend,Bus,Temple,0.29,0.31,107,2978,1233,8548,9.3,Bus,Temple,3.64
1440,Mumbai,Ooty,142.4,9.91,Summer,Weekday,Bike,Beach,0.92,0.91,270,4902,605,4884,2.1,Bike,Hill Station,2.45
1441,Chennai,Shimla,360.2,5.21,Winter,Weekday,Car,Museum,0.24,0.54,1,1531,885,2827,7.5,Bus,Museum,4.52
1442,Mumbai,Shimla,184.8,3.09,Winter,Weekday,Walk,Temple,0.37,0.3,241,3853,205,8421,12.6,Bike,Museum,2.94
1443,Bangalore,Ooty,488.0,11.7,Spring,Weekend,Walk,Hill Station,0.87,0.55,23,4390,1279,8699,21.3,Walk,Wildlife Park,1.12
1444,Kolkata,Ooty,371.8,2.02,Monsoon,Weekday,Walk,Hill Station,0.97,0.56,282,1799,872,2486,7.8,Car,Beach,3.02
1445,Kolkata,Shimla,275.0,5.11,Winter,Weekend,Walk,Hill Station,0.43,0.95,136,3206,1365,8534,15.0,Train,Temple,4.23
1446,Delhi,Ooty,283.7,7.48,Spring,Weekday,Car,Temple,0.21,0.37,218,2537,464,2821,6.3,Train,Temple,4.69
1447,Kolkata,Ooty,446.7,4.83,Summer,Weekday,Car,Beach,0.62,0.82,54,991,1031,9327,2.1,Bike,Wildlife Park,4.33
1448,Bangalore,Mahabalipuram,181.8,7.56,Summer,Weekday,Bus,Temple,0.35,0.64,164,4572,1174,7654,15.5,Train,Hill Station,2.09
1449,Chennai,Shimla,572.5,7.42,Spring,Weekday,Walk,Wildlife Park,0.39,0.13,214,1873,863,5786,19.8,Walk,Museum,4.97
1450,Chennai,Mahabalipuram,38.5,8.99,Summer,Weekend,Car,Temple,0.52,0.95,229,3522,501,9710,9.1,Bus,Temple,2.08
1451,Bangalore,Shimla,340.5,10.99,Summer,Weekend,Bike,Hill Station,0.29,0.83,63,3318,731,4363,4.7,Bike,Temple,4.21
1452,Bangalore,Agra,596.2,10.97,Winter,Weekend,Walk,Museum,0.53,0.31,61,3472,1238,5417,17.7,Bus,Museum,4.5
1453,Kolkata,Agra,417.5,7.76,Summer,Weekday,Car,Hill Station,0.98,0.44,280,3239,555,7842,20.3,Train,Wildlife Park,3.93
1454,Mumbai,Agra,66.6,2.67,Summer,Weekday,Train,Beach,0.57,0.42,53,4712,1483,2907,14.3,Train,Wildlife Park,4.71
1455,Kolkata,Agra,533.4,2.22,Spring,Weekday,Walk,Museum,0.81,0.13,132,4586,284,7364,3.8,Walk,Beach,1.33
1456,Kolkata,Agra,17.7,1.68,Winter,Weekday,Train,Museum,0.24,0.64,141,4208,1249,7776,19.9,Car,Museum,4.87
1457,Kolkata,Ooty,337.2,7.47,Spring,Weekend,Walk,Wildlife Park,0.63,0.86,255,2947,1030,2954,14.8,Bus,Temple,4.47
1458,Mumbai,Agra,267.5,1.16,Winter,Weekend,Bus,Beach,0.83,0.51,289,4354,558,1772,18.0,Bus,Hill Station,2.12
1459,Kolkata,Ooty,221.4,7.21,Monsoon,Weekday,Bus,Beach,0.76,0.52,300,4238,1166,4115,6.6,Walk,Hill Station,4.02
1460,Kolkata,Goa,228.2,11.54,Summer,Weekend,Bike,Museum,0.62,0.13,178,4560,866,6534,4.3,Bike,Wildlife Park,3.5
1461,Kolkata,Ooty,82.9,7.23,Monsoon,Weekday,Walk,Beach,0.22,0.79,76,2907,249,6849,21.4,Car,Beach,2.14
1462,Chennai,Ooty,373.8,1.91,Winter,Weekend,Walk,Wildlife Park,0.45,0.98,244,3694,1155,4451,2.8,Bus,Hill Station,3.58
1463,Delhi,Shimla,371.6,2.55,Spring,Weekend,Train,Temple,0.54,0.35,169,2552,277,5209,6.7,Bike,Museum,2.19
1464,Kolkata,Shimla,112.2,6.54,Spring,Weekday,Car,Beach,0.41,0.72,160,4613,1188,6037,8.7,Walk,Beach,4.99
1465,Mumbai,Shimla,445.2,5.91,Monsoon,Weekday,Bike,Temple,0.37,0.22,44,2302,1228,9463,21.7,Walk,Museum,1.68
1466,Bangalore,Shimla,134.0,7.66,Monsoon,Weekday,Walk,Temple,0.94,0.11,47,1272,1400,3828,19.1,Bike,Beach,1.1
1467,Chennai,Agra,382.1,5.6,Monsoon,Weekend,Car,Wildlife Park,0.28,0.9,102,1126,281,9845,20.3,Train,Hill Station,4.93
1468,Kolkata,Shimla,180.7,11.13,Monsoon,Weekend,Bus,Museum,0.76,0.19,222,2388,971,3386,22.3,Bus,Wildlife Park,4.23
1469,Delhi,Agra,424.9,3.55,Winter,Weekday,Walk,Wildlife Park,0.36,0.12,212,1103,570,8656,17.7,Walk,Wildlife Park,1.73
1470,Delhi,Mahabalipuram,258.0,7.3,Summer,Weekend,Bus,Beach,0.55,0.83,179,1496,662,6336,15.6,Train,Hill Station,3.98
1471,Chennai,Mahabalipuram,346.9,8.95,Summer,Weekday,Walk,Beach,0.87,0.23,6,2163,1343,1062,2.2,Bike,Museum,4.37
1472,Chennai,Agra,282.3,6.63,Winter,Weekday,Car,Hill Station,0.97,0.99,100,1920,728,3039,16.5,Bus,Temple,3.38
1473,Delhi,Ooty,454.5,10.07,Winter,Weekend,Train,Wildlife Park,0.76,0.37,28,4728,1150,4568,4.9,Bike,Museum,3.48
1474,Chennai,Ooty,128.0,11.11,Winter,Weekday,Car,Wildlife Park,0.99,0.5,13,1267,498,5636,16.0,Car,Wildlife Park,2.51
1475,Bangalore,Goa,578.2,10.1,Spring,Weekend,Bike,Hill Station,0.91,0.36,138,562,308,7127,4.1,Bus,Hill Station,1.27
1476,Chennai,Shimla,245.2,8.39,Winter,Weekend,Car,Museum,0.54,0.95,252,4534,1064,5709,3.2,Bike,Hill Station,3.54
1477,Mumbai,Shimla,405.3,7.09,Winter,Weekend,Car,Wildlife Park,0.85,0.23,211,710,671,2678,6.6,Train,Wildlife Park,2.7
1478,Mumbai,Agra,175.4,8.4,Monsoon,Weekend,Car,Hill Station,0.85,0.56,204,3132,893,1087,15.2,Train,Hill Station,4.76
1479,Mumbai,Goa,352.6,10.1,Monsoon,Weekend,Bike,Wildlife Park,0.85,0.87,107,3076,1150,3050,19.7,Bike,Museum,2.4
1480,Bangalore,Ooty,193.0,10.51,Summer,Weekday,Train,Hill Station,0.81,0.8,74,2522,641,5270,8.5,Walk,Beach,3.79
1481,Mumbai,Agra,216.3,5.7,Winter,Weekend,Walk,Temple,0.89,0.72,210,2643,428,5085,10.7,Train,Temple,4.35
1482,Mumbai,Shimla,124.2,10.53,Summer,Weekend,Train,Temple,0.61,0.3,157,1149,980,9231,10.6,Bus,Hill Station,4.04
1483,Mumbai,Agra,506.7,7.85,Monsoon,Weekend,Bus,Hill Station,0.3,0.87,153,1012,833,2001,13.9,Car,Hill Station,3.68
1484,Mumbai,Shimla,341.7,5.35,Monsoon,Weekend,Train,Wildlife Park,0.56,0.65,32,2318,1377,9509,16.2,Car,Beach,4.06
1485,Mumbai,Shimla,565.8,7.48,Spring,Weekday,Bus,Beach,0.97,0.76,82,969,386,9738,2.5,Car,Temple,4.18
1486,Kolkata,Goa,365.3,11.96,Spring,Weekday,Bike,Hill Station,0.23,0.97,38,2212,1140,9644,15.6,Car,Wildlife Park,4.28
1487,Mumbai,Ooty,136.5,8.06,Spring,Weekend,Bus,Temple,0.62,0.26,116,4606,838,8621,3.3,Car,Beach,3.73
1488,Delhi,Ooty,102.0,7.08,Monsoon,Weekend,Walk,Beach,0.89,0.42,34,2988,461,1283,12.2,Bus,Museum,3.1
1489,Mumbai,Ooty,378.1,10.96,Spring,Weekend,Train,Hill Station,0.9,0.32,17,2264,507,1380,21.0,Bike,Temple,2.02
1490,Delhi,Goa,557.6,5.59,Summer,Weekday,Bike,Wildlife Park,0.39,0.43,187,1427,991,3881,18.9,Train,Hill Station,2.14
1491,Chennai,Goa,251.3,3.77,Monsoon,Weekday,Walk,Museum,0.58,0.65,198,1800,688,4948,6.3,Walk,Temple,3.06
1492,Delhi,Agra,446.1,5.52,Winter,Weekend,Train,Beach,0.43,0.47,141,1238,934,6400,14.8,Bike,Hill Station,1.84
1493,Mumbai,Shimla,42.7,6.35,Summer,Weekend,Bike,Temple,0.94,0.4,91,4458,606,5119,11.0,Bike,Wildlife Park,2.78
1494,Mumbai,Goa,345.6,2.31,Spring,Weekend,Train,Museum,0.6,0.94,242,837,1285,6963,17.8,Walk,Hill Station,2.29
1495,Mumbai,Mahabalipuram,503.3,8.84,Spring,Weekday,Bus,Hill Station,0.89,1.0,268,2113,594,8976,8.3,Train,Beach,2.24
1496,Bangalore,Agra,236.9,10.41,Summer,Weekend,Bike,Hill Station,0.82,0.52,7,1970,1228,1772,2.4,Walk,Wildlife Park,4.0
1497,Delhi,Shimla,544.5,4.17,Summer,Weekend,Bike,Hill Station,0.24,0.26,184,4084,785,2369,7.3,Bike,Hill Station,3.23
1498,Chennai,Ooty,401.7,6.63,Monsoon,Weekend,Car,Temple,0.51,0.62,65,1318,808,3802,11.2,Bike,Temple,2.38
1499,Mumbai,Ooty,11.4,11.05,Spring,Weekend,Bike,Wildlife Park,0.41,0.79,94,2137,969,5790,10.1,Train,Hill Station,3.27
1035,Delhi,Shimla,414.2,7.78,Spring,Weekend,Bus,Historical Site,0.92,0.92,124,3192,937,2591,12.2,Walk,Temple,3.25
1122,Mumbai,Agra,41.1,10.28,Winter,Weekday,Bus,Historical Site,0.72,0.21,158,3470,784,7958,4.2,Bike,Museum,4.49
1153,Mumbai,Shimla,505.9,7.6,Spring,Weekday,Train,Historical Site,0.87,0.19,182,2348,795,7720,11.2,Bike,Beach,4.73
1176,Mumbai,Agra,458.2,5.51,Winter,Weekend,Bike,Historical Site,0.89,0.85,133,4409,1083,2572,11.8,Train,Hill Station,4.81
1186,Bangalore,Shimla,490.5,10.84,Winter,Weekend,Bus,Historical Site,0.75,0.95,12,2543,1052,1287,4.2,Bike,Museum,2.91
1187,Kolkata,Shimla,468.3,4.18,Winter,Weekday,Train,Historical Site,0.33,0.27,187,1274,271,2017,23.1,Walk,Beach,3.29
1189,Delhi,Shimla,190.5,5.46,Summer,Weekend,Car,Historical Site,0.96,0.32,63,3709,890,8081,15.7,Train,Wildlife Park,4.98
1206,Mumbai,Shimla,204.3,7.76,Spring,Weekday,Walk,Historical Site,0.26,0.55,5,4360,627,4289,22.5,Walk,Beach,2.49
1209,Kolkata,Shimla,531.6,1.35,Spring,Weekend,Bike,Historical Site,0.96,0.3,84,3632,1412,4345,17.7,Walk,Hill Station,3.73
1223,Bangalore,Agra,545.5,3.17,Spring,Weekend,Train,Historical Site,0.28,0.85,194,4926,1165,5480,2.5,Bike,Wildlife Park,4.76
1251,Bangalore,Shimla,546.9,4.28,Monsoon,Weekday,Train,Historical Site,0.85,0.2,246,1285,401,3435,16.5,Car,Hill Station,1.58
1253,Bangalore,Shimla,43.6,2.52,Summer,Weekend,Car,Historical Site,0.4,0.26,189,4078,1462,4632,15.4,Bus,Wildlife Park,2.83
1274,Delhi,Agra,274.1,4.48,Winter,Weekend,Bike,Historical Site,0.75,0.31,117,4988,318,4400,8.4,Bus,Hill Station,2.22
1284,Delhi,Agra,449.1,6.73,Winter,Weekend,Bus,Historical Site,0.62,0.62,76,1069,695,2276,18.0,Car,Beach,2.55
1289,Kolkata,Shimla,530.8,11.52,Monsoon,Weekend,Bus,Historical Site,0.66,0.78,143,2184,768,5123,13.0,Walk,Museum,1.64
1307,Chennai,Shimla,168.1,6.59,Spring,Weekend,Bike,Historical Site,0.24,0.38,90,1248,450,5572,19.1,Walk,Wildlife Park,4.67
1312,Bangalore,Agra,33.3,2.09,Spring,Weekday,Walk,Historical Site,1.0,0.31,62,3220,1178,8022,6.8,Bike,Museum,4.02
1313,Mumbai,Agra,500.6,5.84,Summer,Weekday,Walk,Historical Site,0.74,0.77,193,4053,1070,2102,12.0,Train,Hill Station,3.41
1331,Chennai,Shimla,82.2,7.2,Spring,Weekend,Train,Historical Site,0.54,0.38,103,3207,868,4929,8.4,Train,Museum,1.33
1332,Chennai,Agra,131.8,1.43,Monsoon,Weekday,Bus,Historical Site,0.42,0.14,200,3266,1378,9058,3.5,Walk,Temple,1.59
1341,Chennai,Agra,381.1,1.79,Spring,Weekend,Car,Historical Site,0.43,0.52,216,1061,301,4126,23.4,Bus,Beach,4.27
1349,Bangalore,Agra,157.7,10.24,Spring,Weekend,Walk,Historical Site,0.98,0.51,295,2500,634,1131,8.6,Bike,Beach,2.18
1357,Kolkata,Shimla,323.4,11.55,Winter,Weekend,Bike,Historical Site,0.24,0.78,148,2414,750,8604,13.2,Walk,Hill Station,2.83
1370,Chennai,Agra,593.8,3.39,Summer,Weekend,Car,Historical Site,0.55,0.63,63,4385,1371,9488,2.2,Car,Wildlife Park,4.98
1380,Bangalore,Shimla,564.3,11.4,Monsoon,Weekend,Bus,Historical Site,0.29,0.73,92,3940,622,7035,11.9,Bike,Hill Station,4.63
1389,Mumbai,Shimla,28.4,5.35,Summer,Weekend,Bike,Historical Site,0.58,0.52,75,4329,1129,1205,17.5,Bus,Temple,1.32
1399,Bangalore,Shimla,35.3,1.82,Monsoon,Weekend,Car,Historical Site,0.63,0.67,300,695,695,3572,21.1,Car,Hill Station,2.11
1402,Chennai,Shimla,17.3,7.63,Winter,Weekday,Car,Historical Site,0.44,0.94,270,4558,755,5894,18.6,Train,Hill Station,3.15
1408,Delhi,Shimla,24.4,2.48,Spring,Weekend,Walk,Historical Site,0.48,0.66,171,4762,1202,5352,7.8,Bus,Wildlife Park,4.08
1413,Delhi,Agra,473.9,6.57,Spring,Weekday,Train,Historical Site,0.66,0.17,182,4757,476,1596,15.3,Bike,Museum,1.83
1437,Chennai,Shimla,98.1,1.76,Summer,Weekday,Train,Historical Site,0.45,0.3,175,3676,693,3473,4.8,Bus,Beach,4.97
1454,Mumbai,Agra,66.6,2.67,Summer,Weekday,Train,Historical Site,0.57,0.42,53,4712,1483,2907,14.3,Train,Wildlife Park,4.71
1458,Mumbai,Agra,267.5,1.16,Winter,Weekend,Bus,Historical Site,0.83,0.51,289,4354,558,1772,18.0,Bus,Hill Station,2.12
1464,Kolkata,Shimla,112.2,6.54,Spring,Weekday,Car,Historical Site,0.41,0.72,160,4613,1188,6037,8.7,Walk,Beach,4.99
1485,Mumbai,Shimla,565.8,7.48,Spring,Weekday,Bus,Historical Site,0.97,0.76,82,969,386,9738,2.5,Car,Temple,4.18
1492,Delhi,Agra,446.1,5.52,Winter,Weekend,Train,Historical Site,0.43,0.47,141,1238,934,6400,14.8,Bike,Hill Station,1.84
